submission_id,parent,relationship,linked,
1,General well-being,includes,"Happiness, Self-acceptance, Purpose, Vitality, Self-awareness, Optimism, Significance, Connection, Competence, Development, Calmness, Involvement, Self-worth, Congruence",
1,Happiness,includes,"Pleasedness, Gladness, Cheerfulness",
1,Vitality,includes,"Energetic, Liveliness, Vigor, Feeling active",
1,Calmness,includes,"Peacefulness, Relaxation, Ease",
1,Optimism,includes,"Hope, Positive expectation, Plans, Expecting the best",
1,Involvement,includes,"Absorbtion, Engagement, In tune with action",
1,Self-awareness,includes,"In touch with self, Attentiveness, Awareness, Conscious awareness, Sensation",
1,Self-worth,includes,"Liking self, Positive self evaluation, Self-respect, Positive self-regard, Self-worth",
1,,similar,"Positive self-regard, Self-regard",
1,Competence,includes,"Effectiveness, Performance, Confidence, Mastery, Accomplishment, Success, Difficulty, Challenge",
1,Development,includes,"Expanding horizons, Improvement, Advancement, Enhancement, Skill",
1,Purpose,includes,"Mission, Clear wants, Clarity, Vision, Aspiration",
1,Significance,includes,"Worthwhileness, Importance, Meaningfulness, Rewarding activity, Relevance",
1,Congruence,includes,"Self-congruence, Decision-making, Authenticity, Consistency, True to self",
1,Connection,includes,"Friendship, Social interaction, Closeness, Connection, Appreciation, Liking others, Care",
2,Thriving,includes,"Engagement, Subjective well-being, Optimism, Relationships, Meaning, Mastery, Autonomy",
2,Relationships,includes,"Support, Positive relations, Respect, Relationship, Trust, Community, Relatedness, Loneliness*, Belonging",
2,Engagement,includes,Flow,
2,Mastery,includes,"Self-esteem, Environmental mastery, Accomplishment, Learning, Competence, Skills, Self-efficacy, Self-worth",
2,Autonomy,includes,Control,
2,Meaning,includes,"Meaning, Purpose",
2,Optimism,includes,Optimism,
2,Subjective well-being,includes,"Negative feelings*, Positive feelings, Life satisfaction",
3,Flourishing,includes,"Purpose, Meaning, Supportive relationships, Engagement, Contribution, Competence, Positive self-regard, Optimism, Being respected",
3,Subjective feelings,includes,"Positive feelings, Negative feelings*",
3,Positive feelings,includes,"Feeling good, Feeling positive, Pleasantness, Joy, Happiness, Contentment",
3,Negative feelings*,includes,"Feeling negative*, Feeling bad*, Unpleasantness*, Sadness*, Anger*, Fear*",
4,Life satisfaction,includes,"Achievement, Regret*, Ideal life, Good life conditions, Life satisfaction",
5,Flourishing,includes,"Happiness, Material stability, Social relationships, Health, Character, Financial stability, Meaning, Life satisfaction",
6,Well-being,includes,"Positive appraisal, Positive characteristics, Positive functioning",
6,Positive characteristics,includes,"Self-esteem, Vitality, Optimism, Emotional stability, Resilience",
6,Positive functioning,includes,"Positive relationships, Meaning, Competence, Engagement",
6,Positive appraisal,includes,"Positive emotion, Life satisfaction",
7,Complete health,includes,"Self-acceptance, Autonomy, Environmental mastery, Positive emotion, Relationships, Hope, Personal growth, Meaning, Life satisfaction",
7,Relationships,includes,Social acceptance,
7,Hope,includes,Self-actualisation,
7,Meaning,includes,"Social contribution, Purpose",
7,Relationships,includes,"Positive relationships, Social integration, Social coherence",
8,Living standards,includes,"Income, Health, Friends, Skills, Subjective well-being, Voice, Cultural capability, Knowledge, Consumption, Work, Care, Family, Housing, Play, Volunteering, Wealth, Engagement, Belonging, Leisure, Environmental amenity",
9,Mental health,includes,"Growth, Connection, Work-life harmony, Protection, Mattering",
9,Protection,includes,"Security, Safety",
9,Growth,includes,"Accomplishment, Learning",
9,Connection,includes,"Community, Social support, Belonging",
9,Work-life harmony,includes,"Flexibility, Autonomy",
9,Mattering,includes,"Meaning, Dignity",
10,Well-being,includes,"Positive functioning, Vitality, Emotional well-being, Social well-being, Resilience, Life satisfaction",
10,Emotional well-being,includes,"Negative feelings*, Positive feelings",
10,Resilience,includes,"Self-esteem, Optimism",
10,Positive functioning,includes,"Engagement, Purpose, Competence, Meaning, Autonomy",
10,Social well-being,includes,"Trust, Supportive relationships, Belonging",
11,Well-being,includes,"Accomplishment, Positive emotion, Relationships, Meaning, Engagement",
12,Psychological well-being,includes,"Positive relations, Self-acceptance, Purpose, Environmental mastery, Personal growth, Autonomy",
12,Autonomy,includes,"Transparency, Fear*, Decision-making, Being influenced, Self-consciousness*, Self-confidence, Openness, Authenticity, Self-conguence",
12,Environmental mastery,includes,"Control, Overwhelm*, Belonging, Responsibility, Stress*, Self-organization, Satisfaction with lifestyle",
12,Personal growth,includes,"Learning, Interest, Challenge, Novelty, Growth, Improvement, Development, Routine, Change, Persistence",
12,Positive relations,includes,"Caring, Affection, Close relationships, Loneliness*, Closeness, Conversation, Family, Friends, Generosity, Spending time with others, Trust, Reliance",
12,Purpose,includes,"Present moment, Clarity of purpose, Purpose, Direction, Daily activities, Unimportance*, Meaninglessness*, Clear goals, Making plans, Achievement, Goal striving, Aimlessness*, Accomplishment",
12,Self-acceptance,includes,"Life satisfaction, Positive self evaluation, Confidence, Upward social comparison*, Disappointment with self*, Positive self-regard, Downward social comparison",
13,Psychological well-being,includes,"Autonomy, Competence, Relatedness",
14,Psychological well-being,includes,"Negative emotion*, Positive emotion",
15,Mental well-being,includes,"Satisfying interpersonal relationships, Positive functioning, Positive affect",
15,Positive affect,includes,"Relaxation, Positive self-regard, Cheerfulness, Optimism",
15,Positive functioning,includes,"Self-acceptance, Clear thinking, Usefulness, Personal development, Interest, Energy, Competence, Autonomy, Problem solving",
15,Satisfying interpersonal relationships,includes,"Love, Closeness, Interest in others",
16,Eudiamonic wellbeing,includes,"Purpose, Investment of effort, Self-discovery, Enjoyment of activities, Perceived development of best potentials, Involvement in activities, Meaning",
17,Sense of coherence,includes,"Manageability, Comprehensability, Meaningfulness",
18,Flourishing,includes,"Belonging, Vitality, Competence, Meaning, Hope, Autonomy, Family, Engagement",
18,Vitality,includes,"Physiological health, Energy, Physical strength, Fitness, Physical flexibility",
18,Engagement,includes,"Pursuing excellence, Interest, Enjoyment, Involvement",
18,Autonomy,includes,"Liberty, Flexibility, Self-expression, Balance, Self-conguence, Freedom",
18,Hope,includes,"Security, Safety, Optimism, Peace, Resources",
18,Competence,includes,"Self-esteem, Environmental mastery, Comprehensability, Accomplishment, Manageability, Clear Thinking",
18,Meaning,includes,"Purpose, Contribution, Significance, Mattering, Meaningfulness",
18,Belonging,includes,"Social belonging, Positive relationships, Connection, Relatedness, Supportive relationships, Dignity",
18,Family,includes,"Romance, Sex, Family bonds, Parenting, Intimacy, Partnering",
18,General aspects,includes,"Negative feelings*, Happiness, Self-acceptance, Quality of life, Growth, Self-discovery, Learning, Emotional stability, Positive emotion, Development, Calmness, Resilience, Self-worth, Life satisfaction",
18,,similar,"Well-being, General well-being",
18,,similar,"Support, Satisfying interpersonal relationships, Relationships, Supportive relationships, Social support",
18,,similar,"Relationships, Social belonging, Social integration, Sense of community, Belonging",
18,,similar,"Positive relations, Positive relationships, Connection, Friends, Personal relationships, Relationships, Prosocial coping, Social integration, Popularity",
18,,similar,"Negative feelings*, Negative emotion*",
18,,similar,"Positive feelings, Positive emotion",
18,,similar,"Personal growth, Perceived development of best potentials, Development, Personal development",
18,,similar,"Involvement in activities, Enjoyment of activities, Fun, Engagement",
18,,similar,"Investment of effort, Purpose",
18,,similar,"Emotion-focused coping, Not coping*, Problem-focused approach coping, Problem-focused coping, Resilient coping, Fatalistic coping*, Prosocial coping, Religious coping, Avoidance coping*, Emotional coping, Adaptive coping, Active coping, Approach coping, Optimistic coping, Supportive coping, Emotion-focused approach coping, General coping, Self-reliant coping, Confrontative coping, Emotive coping, Detatched coping*, Coping, Coping self",
18,,similar,"Self-worth, Own worth",
18,,similar,"Pathways, Anticipation, Hope, Positive expectancy, Agency, Future life satisfaction",
18,,similar,"Health, Health status",
18,,similar,"Life purpose, Purpose",
18,,similar,"Influence, Meaning, Social contribution, Meaning making",
18,,similar,"Resources, Personal resources",
18,,similar,"positive affect, Positive feelings, Positive experiences, Positive emotions",
18,,similar,"Negative experiences*, Negative emotions*, Negative feelings*, Negative affect*",
18,,similar,"Sense of mastery, Mastery",
18,,similar,"General self-efficacy, Self-efficacy",
18,,similar,"Resilience, Bounce back",
18,,similar,"Positive reappraisal, Positive reinterpretation",
18,,similar,"Love, Family",
18,,similar,"Financial stability, Financial situation, Money, Economic wellbeing",
18,,similar,"Financial security, Security, Financial situation, Wealth",
18,,similar,"Lethargy*, Tireness*, Exhaustion*",
18,,similar,"Not worth living*, Worthlessness*",
18,,similar,"Dissappointment with self*, Negative self-evaluation*",
18,,similar,"Unattractiveness*, Attractiveness",
18,,similar,"Cheerlessness*, Anhedonia*",
18,,similar,"Closeness to others, Closeness",
18,,similar,"Percieved progress in life, Progress, Accomplishment",
18,,similar,"Self-blame*, Negative self-evaluation*",
18,,similar,"Sexual function, Sex life, ",
18,Work,includes,"Job security, Performance, Work hours, Work wellbeing, Occupation",
18,Spiritual life,includes,"Church, Religious membership, Spiritual events, Spirituality, Prayer, Faith/belief, Belief in supreme power",
18,Sexual relationship,includes,"Sex, Sex life, Romance, Sexual function, Significant others, Partnering",
18,,similar,"Learning from failure, Learning",
18,,similar,"Unsure of ability*, Self-efficacy",
18,,similar,"Give up easily*, Grit, Perseverance",
18,,similar,"Physical affection, Touch, Physical touch",
19,Indiscriminant,includes,"Eudiamonic wellbeing, Own worth, Active coping, Control orientation, Positive expectancy, Actualisation, Satisfaction, Confrontative coping, Reactive style, Personal competence, Social health satisfaction, Personal growth, Mental health",
19,Competence,includes,"Bounce back, Perseverance, Trust, Anticipation, Composure, Resilience, Agency, Ego-resiliency, Self-confidence during stress, Flexibility, Control, Accomplishment, Initiative, Self-efficacy, Hope, Manegeability, Pathways, Insight, Compensating experiences, Self-reliant coping, Self-control, Coping self",
19,Personal relationships,includes,"Family coherence, Attachment, Social competence, Friends, Relationships, Social function, Social support, Practical social support, Nurturance, Supportive coping, Significant others, Social resources (peers), Sense of relatedness, Family, Reliable alliance, Improve relationships, Social symptoms*, Interpersonal skills, Negative social experiences*, Supportive environment, Social isolation*, Loneliness*, Interpersonal relationships, Love of self, Social resources (family), Tangible support, Seek social support, Emotional support, Belonging, Positive social experiences, Social self, Social health, Social isolation*, Sexual function, Guidance, Communal wellbeing, Affectionate support, Relatedness, Positive social interaction, Informational support, Emotional social support, Affection, Support appraisal, Social wellbeing",
19,Physical health,includes,"Perceived health, Physical function, Belief in the importance of biomedical health, Physical suffering*, Health, Discomfort*, Physical recreation, Disability*, Physical symptoms*, Physical self, Rest, Physical thriving, Physical wellbeing, Health status, General health, Physical senses, Comfort, Sleep, Pain*",
19,Meaning,includes,"Presence of meaning, Purpose, Meaningfulness, Spiritual wellbeing, Search for meaning*, Life-scheme, Existential wellbeing, Self-discovery, Meaninglessness*, Commitment, Essential self, Progress, Purpose in life, Life meaning, Personal wellbeing, Meaningful existence, Nothingness*",
19,Happiness,includes,"Psychological wellbeing, Emotional wellbeing, Hedonic motives, Positive experience, Cheerfulness, Positive emotional wellbeing, Hedonic tone, Pleasure, Positive affect",
19,Psychological distress*,includes,"Negative feelings*, Psychological symptoms*, Mental health",
19,Functioning,includes,"Physical mobility, Impared functional status, Activities of daily living, Nutrition, Learning, Physical fitness, Domestic chores, Social function, Physical activity, Physical health satisfaction, Stimulation, Cognitive health satisfaction, Personal structure, Communication, Positive relations, Self-care, Intellectual wellness, Employment, Work, Participation, Cognitive functioning, Housing, Education, Outdoor activities, Sexual activity, Concentration, Mobility, Recreation, Thinking, Memory, Opportunities, Activities, Role limitations (emotional)*, Personal care, Leisure, Medical dependence*, Responsibility, Independent living, Daily activities, Role function, Day-to-day functioning, Role limitations (physical)*, Pleasure, Belief in the importance of functionality ability",
19,Self-acceptance,includes,"Body image, Emotional wellbeing, Self-esteem, Self-blame, Self-reliance, Existential aloneness, Protect self, Appearance, Self-worth",
19,Spirituality,includes,"Environmental wellbeing, Religious wellbeing, Spiritual health, Spiritual symptoms*, Connectedness with nature, Spiritual strength, Eco-awareness, Love of God, Transcendent experiences, Spiritual wellbeing, Seek spiritual support, Faith/belief, Spiritual activities, Transcendental wellbeing, Spiritual connectedness, Spiritual trust, Faith, Religious coping",
19,Autonomy,includes,"Chance externality, General well-being, Indepedence, Self-mastery, Internality, Acceptance, Impersonal orientation, Control, Powerful other externality, Mastery",
19,Personal circumstances,includes,"Freedom, EnvironMental health",
19,Problem-focused coping,includes,"Adaptive coping, Active coping, Confrontive coping, Reflective style, Approach coping, Resilient coping, Seek professional help, Instrumental social support, Social action, Problem-solving, Active handling, Seek social support, Cognitive flexibility",
19,Development,includes,"Mental wellbeing, Challenge, Achievement, Eudemonic motives, Self-actualisation, Self-realisation, Intellectual health, Personal growth, Personal growth initiative, Opportunities",
19,Emotion-focused coping,includes,"Humour, Emotional coping, Emotional expression, Palliative coping, Growth, Distancing*, Acceptance, Expression of emotions, Emotive coping, Palliative reactions, Positive reinterpretation",
19,Emotion-focused approach coping,includes,"Humour, Cognitive reappraisal, Expressive suppression",
19,Problem-focused approach coping,includes,"Accepting responsibility, Creativity, Evaluation coping, Task oriented, Planful problem solving, Supression of competing activities, Positive reappraisal, Rational coping",
19,Avoidance coping*,includes,"Avoidance coping*, Evasive coping*, Escape-avoidance, Wishful thinking*, Passive reactions*, Avoidance*, Suppressive style*, Ignore the problem*, Avoidant coping*, Tension reduction*, Behavioural disengagement*, Substance use*, Seek relaxing diversions*, Humour*, Denial*, Mental disengagement*",
19,Life satisfaction,includes,"Anticipated life satisfaction, Past life satisfaction, Present life satisfaction, Regret*, Future life satisfaction, Wellbeing (overall)",
19,Optimism,includes,"Psychological wellbeing, Optimistic coping, Outlook on life, Focus on positive, Temporality and future, Positivity, Fatalistic coping*, Hope",
19,Self-congruence,includes,"Behavioural confirmation, Wholeness, Living in accordance with values, Autonomy orientation, Integration, Obstruction*, Reassurance of worth, Values orientation",
19,Vitality,includes,"Fatigue*, Energetic arousal, Vitality, Sensation-seeking, Energy, Energy level",
19,Sense of community,includes,"Social contribution, Love of others, Social acceptance, Social integration, Community, Sense of community, Social self-efficacy, Social wellbeing, Social coherence, Social actualisation",
19,Work wellbeing,includes,"Occupation, Work capacity",
19,Engagement,includes,"Awareness in the present, Life engagement, Stimulation",
19,Self-worth,includes,Self-confidence,
19,Calmness,includes,"Inner peace, Emotional reactivity, Equanimity, Serenity, Harmony, Tense arousal*, Inner haven",
19,Wellbeing,includes,"Happiness, Emotion-focused coping, Problem-focused approach coping, Self-congruence, Functioning, Optimism, Work wellbeing, Personal relationships, Calmness, Meaning, Autonomy, Self-worth, Life satisfaction, Avoidance coping*, Self-acceptance, Vitality, Competence, Development, Personal circumstances, Problem-focused coping, Indiscriminant, Sense of community, Engagement, Emotion-focused approach coping, Physical health, Psychological distress*, Spirituality",
20,Quality of life,includes,"Mental function, Discomfort*, Sleeping, Distress*, Vision, Vitality, Breathing, Excretion, Usual activities, Symptoms*, Eating, Sexual activity, Hearing, Mobility, Depression*",
21,Indivisible self,includes,"Social self, Creative self, Physical self, Essential self, Coping self",
21,Creative self,includes,"Emotions, Work, Control, Positive humor, Thinking",
21,Coping self,includes,"Stress management, Realistic beliefs, Self-worth, Leisure",
21,Social self,includes,"Love, Friendship",
21,Essential self,includes,"Spirituality, Gender identity, Self-care, Cultural identity",
21,Physical self,includes,"Exercise, Nutrition",
22,Affect,includes,"Negative affect*, Positive affect",
23,Affect,includes,"Negative affect*, Positive affect",
24,Happiness,includes,"Success, Achievement, Self-acceptance, Life satisfaction, Percieved progress in life, Interest, Engagement, Purpose, Meaning, Goal attainment, Closeness to others, Satisfaction with self, Optimism, Self-perceived competence",
25,Hope,includes,"Hope pathways, Hope agency",
26,Quality of life,includes,"Physical quality of life, Psycho-social quality of life",
26,Physical quality of life,includes,"Independent living, Pain*, Physical senses",
26,Psycho-social quality of life,includes,"Coping, Happiness, Relationships, Mental health",
27,Wellbeing,includes,"Psychological well-being, Physical health, Relationships",
27,Physical health,includes,"Physical health satisfaction, Sleep quality, Daily living, Ability to work, Financial health, Exercise, Leisure, Access to health services",
27,Psychological well-being,includes,"Enjoyment, Purpose, Control, Optimism, Self-satisfaction, Appearance, Autonomy, Confidence, Competence, Development, Achievement",
27,Relationships,includes,"Family life, Friendship, Personal relationships, Interpersonal skills, Sex life",
27,,similar,"Sex life, Sexual activity, Sex, Intimacy",
27,,similar,"Physical health, Physical health satisfaction",
27,,similar,"Ability to work, Physical ability",
27,,similar,"Access to health services, Healthcare",
28,Bio-psycho-social-spiritual health,includes,"Impaired functional status*, Social symptoms*, Spiritual symptoms*, Physical symptoms*, Psychological symptoms*",
28,Impared functional status*,includes,"Physical health problems*, Physical ability, Physical difficulty*, Emotional problems*, Social activities, Spiritual activities",
28,Social symptoms*,includes,"Someone to talk to, Help when sick, Love, Affection, Social invitation, Received care",
28,Spiritual symptoms*,includes,"Inner harmony, Purpose, Comfort, Peace of mind, Sense of productivity, Peace, Meaning",
28,,similar,"Sense of productivity, Accomplishment, Achievement",
28,Physical symptoms*,includes,"Soreness*, Pain*, Weakness*, Numbness*, Tingling*, Faintness*, Dizziness*, Nausea*, Out of breath*, Headaches*",
28,Psychological symptoms*,includes,"Depression*, Anxiety*, Happiness, Calmness",
29,Psychological needs,includes,"Autonomy, Competence, Relatedness",
29,Autonomy,includes,"Freedom, Choice, Interest, Pressure*, Being told what to do*, Acting against will*",
29,Competence,includes,"Success, Mastery, Overcoming challenge, Failure*, Incompetence*, Struggling*",
29,Relatedness,includes,"Contact with others, Closeness, Connection, Intimacy, Loneliness*, Feeling unappreciated*, Conflict*",
30,,similar,"Physical quality of life, Vitality",
30,,similar,"Sleeping, Sleep, Sleep quality",
30,,similar,"Physical flexibility, Mobility, Physical mobility",
30,,similar,"Physical fitness, Fitness",
30,,similar,"Physical activity, Physical strength, Physical ability, Physical difficulty*",
30,,similar,"Physical health, Physiological health",
30,Physical health,includes,"Pain*, Discomfort*, Physical health problems*, Physical symptoms*, Physical difficulty*",
30,Functioning,includes,"Usual activities, Independent living, Exercise, Ability to work, Physical ability",
30,,similar,"Recreation, Leisure",
30,,similar,"Personal relationships, Relationships",
30,,similar,"Physical health, Vitality",
30,,similar,"Impaired functional status*, Functioning",
30,Security,includes,"Money, Financial resources, Financial situation, Wealth",
30,Safety,includes,Physical safety,
30,Relationships,includes,"Status, Social activities",
30,,similar,"Family, Family life",
30,General affect,includes,"Positive affect, Negative affect*",
30,Security,includes,"Money, Financial resources, Financial situation",
30,Social integration,includes,Volunteering,
30,,similar,"Significant others, Partnering",
30,Family,includes,Social resources (family),
31,Protective factors,includes,"Compensating experiences, Fewer stressors, Supportive environment, Adaptable personality",
31,Fewer stressors,includes,"Physical health, Finances, Family, Friends",
31,Adaptable personality,includes,"Optimism, Creativity, Resourcefulness, Independence",
31,Supportive environment,includes,"Close relationships, Care, Trust, Social support",
31,Compensating experiences,includes,"Problem-solving, Control, Coping, Making the best",
32,Autonomy,includes,"Autonomy orientation, Autonomy support",
32,Autonomy orientation,includes,"Autonomous orientation, Controlled orientation, Impersonal orientation",
32,,similar,"Autonomous orientation, Intrinsic motivation",
32,,similar,"Controlled orientation, Extrinsic motivation",
32,,similar,"Impersonal orientation, Helplessness*",
32,Autonomy support,includes,"Providing choice, Encouraging initiative, Support competence, Conveying confidence in other's abilities, Empathy",
32,Autonomy,includes,"Volition, Choice, Self-regulation",
32,Competence,includes,"Mastery, Ability",
32,Relatedness,includes,"Support, Connection, Closeness",
33,Resilient coping,includes,"Proactive coping, Personal growth, Creative problem-solving, Self-regulation",
33,,similar,"Creative problem-solving, Creativity, Problem-solving, Coping",
33,,similar,"Proactive coping, Proactivity",
33,Adversity*,improves,"Personal growth, Self-regulation",
34,Resilience,includes,"Adversity*, Stress*, Misfortune*, Set-backs*, Difficulty*",
35,Quality of life,includes,"Control, Autonomy, Self-realisation, Pleasure",
35,,similar,"Self-realisation, Development",
35,,similar,"Pleasure, Happiness",
36,Resilience,includes,"Hardiness, Social support, Purpose, Faith, Persistence",
36,Hardiness,includes,"Coping with change, Unexpected events, Stress*, Illness*, Hardship*, Pressure*, Negative outcomes*, Unpleasant feelings*, Toughness, Humor",
36,Persistence,includes,"Effort, Self-efficacy, Perseverance, Goal pursuit",
36,Resilience,includes,"Adaptability, Unexpected events, Humor, Benefit-finding, Bounce back, Illness*, Hardship*, Goal pursuit, Pressure*, Perseverance, Inner strength, Unpleasant feeling*",
36,,similar,"Persistence, Perseverance",
36,,similar,"Coping with change, Adaptability",
36,Benefit-finding,includes,"Development, Personal development",
36,,similar,"Inner strength, Toughness, Grit",
36,,similar,"Unpleasant feelings*, Negative emotion*",
36,,similar,"Emotion regulation, Self-regulation",
37,Cognitive flexibility,includes,"Communication skills, Experiential avoidance*, Autonomy, Problem-solving, Choice, Creativity, Social intelligence, Decision-making, Pathways thinking, Agency thinking, Applying knowledge, Listening, Consideration, Self-confidence",
38,Resilience,includes,"Control, Agency thinking, Commitment, Hope, Development",
38,Resilience,includes,"Commitment, Control, Challenge",
38,,similar,"Resilience, Hardiness, Resiliency",
39,Coping,includes,"Emotion-oriented coping, Task-oriented coping, Avoidant coping*",
39,Coping,similar,"Emotion-oriented coping, Emotion-focused coping",
39,Coping,similar,"Task-oriented coping, Problem-focused approach coping",
39,Coping,similar,"Avoidant coping*, Avoidance coping*",
40,Life satisfaction,includes,"Accomplishment, Life goals, Ideas, Aspirations, Social comparison, Self-comparison, Self-evaluation, Expectations, Self-expectations, Internalized norms",
41,Satisfaction,includes,"Health satisfaction, Energy for life, Work satisfaction, Assurance, Calmness, Contentment, Regret*, Positive personal relationships, Quality of life",
41,,similar,"Health satisfaction, Physical health",
41,,similar,"Energy for life, Vitality, Energy",
41,,similar,"Positive personal relationships, Positive relationships",
41,Mastery,includes,"Leadership, Decision-making, Rationalization, Information-seeking, Control over environment, Being informed",
41,,similar,"Control over environment, Control",
41,,similar,"Being informed, Knowledge",
41,Achievement,includes,"Goal orientation, Hard working, Striving for excellence",
41,,similar,"Hard working, Hard work",
41,,similar,"Striving for excellence, Striving, Excellence",
41,Positivity,includes,"Laughter, Cheerfulness, Optimistic, Peer support",
41,,similar,"Optimistic, Optimism",
41,,similar,"Peer support, Social support",
41,Composure,includes,"Emotional reappraisal, Positive thinking, Assurance, Calmness",
41,Own worth,includes,"Positive personal relationships, Regret*, Calmness, Peer support, Self-confidence, Autonomy",
41,Wellbeing,includes,"Satisfaction, Mastery, Achievement, Positivity, Composure, Own worth",
42,Coping,includes,"Supression of competing activities, Behavioural disengagement*, Substance use*, Mental disengagement*, Denial*, Positive reinterpretation, Growth, Emotional expression, Humour, Acceptance, Active coping, Restraint, Instrumental support, Emotional support, Religious coping",
42,,similar,"Humor, Humour",
43,Coping,includes,"Approach coping, Avoidance coping*",
43,Approach coping,includes,"Problem-solving, Talking through problems, Action planning, Perspective, Counter-factual thinking, Social support, Professional support, Perseverance, Anticipate outcomes, Downward social comparison, Pathways thinking, Information seeking, Development, Preparation, Benefit-finding, Prayer, Present moment focus",
43,Avoidance coping*,includes,"Cognitive avoidance*, Resignation*, Seek alternative rewards*, Risk taking, Fantasy, Fatalism*, Social avoidance*, Distraction coping*, Emotional discharge*, Denial*, Hopelessness*",
44,Coping,includes,"Seek professional help, Tension reduction, Problem-solving, Ignore the problem*, Seek relaxing diversions, Wishful thinking*, Not cope*, Humour, Focus on positive, Seek social support, Improve relationships, Keep to self, Physical recreation, Worry*, Protect self, Self-blame*, Social action, Seek spiritual support, Work hard",
44,,similar,"Problem-solving, Problem solving",
45,Life satisfaction,includes,"Past life satisfaction, Present life satisfaction, Future life satisfaction",
45,,similar,"Future life satisfaction, Anticipated life satisfaction",
46,Coping,includes,"Problem solving, Avoidance, Seeking support",
46,,similar,"Seeking support, Seeking social support, Seek social support, Seek support",
46,Problem solving,includes,"Planning, Pathways thinking, Goal setting, Creativity",
46,Seeking support,includes,"Confiding in others, Seek reassurance, Seek sympathy, Seek advice",
46,,similar,"Seek reassurance, Reassurance",
46,,similar,"Seek sympathy, Sympathy",
46,Avoidance coping*,includes,"Social avoidance*, Fantasy*, Seek isolation*, Self-distraction*",
47,Coping,includes,"Detached coping, Emotional coping, Rational coping, Avoidance coping*",
48,Health,includes,"Physical health, Mental health",
48,Dysfunction*,includes,"Anxiety*, Depression*, Pain*, Disability*",
49,Depression*,includes,"Sadness*, Sense of failure*, Dissatisfaction*, Disappointment with self*, Not worth living*, Tearfulness*, Indecisiveness*, Unattractiveness*, Cheerlessness*, Tiredness*, Lethargy*, Meaninglessness*, Feeling run down*",
49,,similar,"Tiredness*, Exhaustion*",
49,,similar,"Sense of failure*, Failure*",
49,Happiness,includes,"Alertness, Cheerfulness, Life satisfaction, Feeling healthy, Success, Optimism, Purpose, Pleased with self, Decisiveness, Enjoyment",
49,,similar,"Dissatisfaction*, Life satisfaction",
49,,similar,"Indecisiveness*, Decisiveness",
50,Ego-resiliency,includes,"Generosity, Emotion regulation, Curiosity, Social skills, Novelty-seeking, Energy, Gregariousness, Caution, Challenge-seeking, Interest, Inner strength",
50,,similar,"Ego-resiliency, Adjustment, Adaptability, Ego-resilience, Resilience, Adaptable personality",
50,,similar,"Adaptability, Ego strength, Emotional stability, Coping, Competence, Self-efficacy, Hardiness, Self-regulation",
51,Emotion regulation,includes,"Cognitive reappraisal, Expressive suppression",
52,Resilience,includes,"Physical resilience, Emotional resilience, Social resilience",
52,Physical resilience,includes,"Enduring hardship, Tirelessness, Quick recharge, Withstanding thirst, Withstanding hunger, Quick physical recovery",
52,Emotional resilience,includes,"Emotional strength, Readiness for unexpected events, Hope, Quick emotional recovery, Staying grounded",
52,Social resilience,includes,"Social competence, Learning from others, Confidence, Belief in truth, Belief in justice, Recovery from failure",
52,Resilience,includes,"Anticipation, Flexibility, Bounce back",
53,Health,includes,"Mobility, Self-care, Usual activities, Pain*, Anxiety*",
53,,similar,"Anxiety*, Depression*",
53,,similar,"Pain*, Discomfort*",
53,Usual activities,includes,"Work, Study, Housework, Family activities, Leisure activities",
53,,similar,"Leisure activities, Leisure",
53,,similar,"Family activities, Family",
54,Emotional well-being,includes,"Positive emotional well-being, Negative emotional well-being*",
54,Positive emotional well-being,includes,"Pleasure, Peace, Life satisfaction, Contentment, Appreciation, Acceptance",
54,Negative emotional well-being*,includes,"Psychological pain*, Upset*, Feeling down*, Fear*, Worry*, Sadness*, Meaninglessness*",
54,,similar,"Fear*, Anxiety*",
54,,similar,"Feeling down*, Depression*",
54,,similar,"Meaninglessness*, Lack of meaning*",
55,Activities,includes,"Domestic chores, Leisure, Work, Outdoor activities",
55,,similar,"Activities, Functioning",
55,Domestic chores,includes,"Preparing meals, Washing up, Light housework, Heavy housework, Local shopping",
55,Leisure,includes,"Social outings, Reading books, Hobbies",
55,Work,includes,Gainful work,
55,Outdoor activities,includes,"Gardening, Outings, Car rides, Walking outside, Driving car, Bus travel",
56,Friendship,includes,"Relating easily, Isolation*, Sharing feelings, Ease of social contact, Feeling separated*, Loneliness*, Feeling friendless*",
56,Relationships,includes,"Friendship, Positive relationships",
56,,similar,"Sharing feelings, Emotional intimacy, Relational closeness, Companionship",
56,,similar,"Isolation*, Companionship",
56,,similar,"Ease of social contact, Social contact",
57,Functional status,includes,"Physical function, Psychological function, Social function, Role function",
57,Physical function,includes,"Eating, Dressing, Bathing, Moving, Walking, Housework, Gardening, Cleaning, Errands, Grocery shopping, Driving a car, Using public transportation, Running, Heavy lifting, Sports",
57,,similar,"Gardening, Yard work",
57,Psychological function,includes,"Anxiety*, Calmness, Peacefulness, Feeling downhearted*, Feeling blue*, Happiness, Feeling down*",
57,,similar,"Feeling downhearted*, Feeling down*",
57,Role function,includes,"Work hours, Performance, Job security",
57,Social function,includes,"Visiting relatives, Visiting friends, Community activity, Religious participtation, Social activities, Volunteering",
57,Visiting,includes,"Visiting relatives, Visiting friends",
57,,similar,"Community activity, Community",
58,Causality orientation,includes,"Impersonal orientation, Control orientation, Autonomy orientation",
59,Self-efficacy,includes,"General self-efficacy, Social self-efficacy",
59,General self-efficacy,includes,"Planfulness, Procrastination*, Persistence, Achievement, Perseverance, Avoidance*, Grit, Problem-solving, Learning from failure, Unsure of ability*, Self-reliance, Giving up easily*, Capability",
59,Social self-efficacy,includes,"Making friends, Social initiative, Social persistence, Social intelligence, Social skill",
59,,similar,"Self-efficacy, Competence",
60,General well-being,includes,"Self-control, Positive well-being, General health, Anxiety*, Depression*, Vitality",
60,General well-being,includes,"Good spirits, Anxiety*, Self-regulation, Sadness*, Feeling discouraged*, Hopelessness*, Stress*, Strain*, Pressure*, Happiness, Life satisfaction, Worry*, Feeling upset*, Feeling rested, Feeling refreshed, Physical symptoms*, Interest, Feeling downhearted*, Feeling blue*, Emotional stability, Self-assurance, Health concerns*, Relaxation, Energy, Depression*, Cheerfulness",
61,Motivation,includes,"Eudiamonic motives, Hedonic motives",
61,Eudiamonic motives,includes,"Pursuing excellence, Pursuing personal ideals, Using strengths, Learning, Development, Following beliefs",
61,Hedonic motives,includes,"Enjoyment, Pleasure, Fun, Relaxation, Taking it easy",
62,Hope,includes,"Temporality and future, Positive readiness, Interconnectedness ",
62,Temporality and future,includes,"Goals, Positive outlook, Sense of potential, Anxiety*",
62,,similar,"Positive readiness, Positive expectancy",
62,Positive readiness,includes,"Expecting good things, Sense of direction, Value of life, Worthwhileness, Positive recall",
62,,similar,"Positive recall, Positive reflection, Savouring",
62,Interconnectedness,includes,"Loneliness*, Faith, Inner strength, Care, Love",
63,Hardiness,includes,"Commitment, Control, Challenge",
64,Hardiness,includes,"Commitment, Control, Challenge",
64,Control,includes,"Nihilism*, External locus of control*, Powerlessness*, Achievement, Dominance, Leadersihp",
64,Commitment,includes,"Self-alienation*, Work alienation*, Interpersonal alienation*, Family alientation*, Social alienation*, Role consistency",
64,Challenge,includes,"Vegetativeness*, Security, Cognitive structure, Adventurousness, Endurance, Interest",
65,Health status,includes,"General health, Carrying groceries, Climbing stairs, Walking, Physical difficulty*, Accomplishment, Emotional problems*, Depression*, Anxiety*, Social activities, Pain*",
66,Health status,includes,"Sensation, Mobility, Emotion, Cognition, Self-care, Pain*, Fertility",
66,Sensation,includes,"Seeing, Hearing Speaking",
66,Mobility,includes,"Walking, Bending, Lifting, Jumping, Running",
66,Emotion,includes,"Happiness, Worry*, Anger*, Irritability*, Anxiety*, Depression*, Night terrors*, Fretful*",
66,Cognition,includes,"Learning, Recall",
66,Self-care,includes,"Eating, Bathing, Dressing, Sanitary facilities",
66,Pain*,includes,"Pain relief*, Medication*, Discomfort*, Disruption of activities*",
67,Capability wellbeing,includes,"Security, Love, Independence, Achievement, Enjoyment",
67,,similar,"Security, Feeling settled, Stability",
67,,similar,"Love, Friendship, Support",
67,,similar,"Independence, Independent living, Autonomy",
67,,similar,"Achievement, Progress",
67,,similar,"Enjoyment, Pleasure",
68,Wellbeing,includes,"Overall wellbeing, Interpersonal wellbeing, Community wellbeing, Occupational wellbeing, Physical wellbeing, Psychological wellbeing, Economic wellbeing",
68,Overall wellbeing,includes,"Present overall wellbeing, Past overall wellbeing, Future overall wellbeing",
68,Interpersonal wellbeing,includes,"Present interpersonal wellbeing, Past interpersonal wellbeing, Future interpersonal wellbeing",
68,,similar,"Interpersonal wellbeing, Relationships, Positive relationships",
68,Community wellbeing,includes,"Present community wellbeing, Past community wellbeing, Future community wellbeing",
68,,similar,"Community wellbeing, Community, Belonging",
68,Occupational wellbeing,includes,"Present occupational wellbeing, Past occupational wellbeing, Future occupational wellbeing",
68,,similar,"Occupational wellbeing, Work wellbeing, Wellbeing at work",
68,Physical wellbeing,includes,"Present physical wellbeing, Past physical wellbeing, Future physical wellbeing",
68,,similar,"Physical wellbeing, Physical health, Physiological health",
68,Psychological wellbeing,includes,"Present psychological wellbeing, Past psychological wellbeing, Future psychological wellbeing",
68,Economic wellbeing,includes,"Present economic wellbeing, Past economic wellbeing, Future economic wellbeing",
68,,similar,"Economic wellbeing, Financial security, Financial situation",
68,,similar,"Future overall wellbeing, Future interpersonal wellbeing, Future community wellbeing, Future occupational wellbeing, Future physical wellbeing, Future psychological wellbeing, Future economic wellbeing, Optimism, Hope ",
69,Quality of life,includes,"Day-to-day functioning, Self-esteem, Health status, Energy level",
69,Day-to-day functioning,includes,"Work, Home life, Social life, Interacting with others",
69,,similar,"Interacting with others, Social interaction, Relationships",
69,,similar,"Home life, Family life, Family",
69,Self-esteem,includes,"Body image, Appearance, Mood, Emotional control, Stress*, Fear*, Sense of achievement",
69,,similar,"Sense of achievement, Achievement, Accomplishment",
69,,similar,"Fear*, Anxiety*",
69,,similar,"Emotional control, Emotion regulation, Emotional regulation",
69,Health status,includes,"Life expectancy, Aches*, Pain*, Sleep, Rest, Comfort, Illness*, Medication*",
69,,similar,"Health status, Physical health",
69,Energy level,includes,"Activity level, Sex life, Stamina, Endurance, Pleasure, Hobbies, Entertainment",
70,Life satisfaction,includes,"Enjoyment, Full life, Rewarding life, Opportunity, Interest, Hope, Friendship, Worthwhileness, Freedom, Ease",
70,,similar,"Enjoyment, Misery*",
70,,similar,"Full life, Emptiness*",
70,,similar,"Rewarding life, Disappointment*",
70,,similar,"Opportunity, Lack of opportunity*",
70,,similar,"Interest, Boredom*",
70,,similar,"Hope, Discouragement*",
70,,similar,"Friendship, Loneliness*",
70,,similar,"Worthwhileness, Uselessness*",
70,,similar,"Freedom, Tied-down*",
70,,similar,"Ease, Difficulty*",
71,Positive psychological attitudes,includes,"Life purpose, Life satisfaction, Self-confidence",
71,Life purpose,includes,"Energy level, Vibrancy, Satisfaction, Novelty, Purpose, Productivity, Valuable work, Dissatisfaction with self*, Life goals, Positive when sad, Worthwhileness, Life satisfaction, Joy, Trapped*, Regret*, Love, Hope",
71,Self-confidence,includes,"Calm under pressure, Anxiety*, Fear*, Self-compassion, Worry*, Concentration, Assertiveness, Adequacy, Frustration*, Respond well to stress, Peacefulness, Calmness",
71,,similar,"Respond well to stress, Resilience",
71,,similar,"Self-compassion, Kind to self, Self-acceptance",
72,Social support,includes,"Tangible support, Belonging, Support appraisal, Self-esteem",
72,Tangible support,includes,"Financial support, Material support, Networking assistance, Illness support, Family support, Time together, Help",
72,Belonging,includes,"Exercise groups, Time together, Romance, Social availability, Friendship, Social groups, Religious membership, Club membership, Team membership, Loneliness*, Isolation*, Physical affection, Inclusion, Family, Conversation, Social activities",
72,,similar,"Lack of physical touch*, Physical affection, Physical touch",
72,Support appraisal,includes,"Social support, Conversation, Assistance, Advice availability, Confidants, Someone to confide in, Social assistance, Emotional assistance, Coaching, Mentoring",
72,,similar,"Confidants, People to confide in",
72,Self-esteem,includes,"Social regard, Social esteem, Percieved social status, Optimism, Social comparison, Humor, Desirability, Internal locus of control, Attractiveness",
72,,similar,"Percieved social status, Social status",
72,Social comparison,includes,"Downward social comparison, Upward social comparison*",
72,,similar,"Body image, Appearance, Attractiveness",
73,Coping,includes,"Confrontive coping, Evasive coping*, Optimistic coping*, Fatalistic coping*, Emotive coping, Palliative coping, Supportive coping, Self-reliant coping",
73,Confrontive coping,includes,"Pathways thinking, Perspective-taking, Agency, Goal chunking, Problem-solving, Action planning, Mental rehearsal, Learning",
73,Evasive coping*,includes,"Escapism*, Self-distraction*, Fantasy*, Blaming others, Passivity*, Excessive sleep*, Procrastination*, Avoidance*, Ignoring problem*, Minimalization*, Social avoidance*, Self-pity*",
73,Optimistic coping,includes,"Hope, Counterfactual thinking, Routine, Optimism, Humor, Appreciation, Downward social comparison, Positive thinking, Benefit-finding",
73,,similar,"Humor, Humour",
73,,similar,"Appreciation, Gratitude",
73,Fatalistic coping*,includes,"Expecting the worst*, Acceptance, Resignation*, Hopelessness*, Optimistic explanation",
73,,similar,"Expecting the worst*, Catastrophizing*",
73,Emotive coping,includes,"Worry*, Blowing off steam, Projecting problems onto others*, Impulsiveness*, Self-blame* ",
73,Palliative coping,includes,"Comfort eating, Smoking*, Exercise, Physical activity, Relaxation techniques, Alcohol use*, Redirection, Absorption, Medication",
73,Supportive coping,includes,"Discuss problem, Professional support, Prayer, Trust in God, Social help",
73,Self-reliant coping,includes,"Emotional expression, Solitude, Self-belief, Problem-solving, Self-improvement",
74,Spiritual wellbeing,includes,"Faith/belief, Life satisfaction, Life/self-responsibility",
74,Faith/belief,includes,"Spiritual belief, Purpose in life, Spiritual lifestyle, Prayer, Belief in supreme power, Belief in life after death",
74,Life satisfaction,includes,"Actualisation, goal-setting, acceptance, Loving relationships, self-esteem",
74,,similar,"Loving relationships, Love, Relationships",
74,Life/self-responsibility,includes,"Belief in a supreme power, Foregiveness, Acceptance, Decision-making",
74,,similar,"Decision-making, Decisiveness",
75,Quality of life,includes,"Physical function, Cognitive function, Life satisfaction, Self-care, Social funtion, Sexual function, Depression*, Anxiety*",
75,Physical function,includes,"Physical health, Sleep, Tiredness*, Lack of energy*, Accomplishment, Day-to-day functioning, Health problems*",
75,Self-care,includes,"Climbing stairs, Dressing, Eating, Bathing, Showering, Shopping, Using public transport",
75,,similar,"Health problems*, Role limitations (physical)*",
75,Depression*,includes,"Anxiety*, Limitations (emotional)*, Feeling blue*",
75,,similar,"Limitations (emotional)*, Role limitations (emotional)*",
75,Cognitive function,includes,"Concentration, Clear thinking, Confusion*, Thinking problems*, Limitations (cognitive)*, Memory",
75,Social function,includes,"Social ties, Relationships, Social satisfaction, Relational satisfaction, Social support",
75,Sexual function,includes,"Libido, Sexual experience frequency",
75,Life satisfaction,includes,"Hobbies, Recreation, Financial situation, Financial satisfaction, Standard of living, Financial freedom, Past life satisfaction, Optimism, Expectations",
76,Life habits,includes,"Communication, Mobility, Nutrition, Physical fitness, Psychological well-being, Personal care, Housing, Responsibilities, Interpersonal relationships, Community, Spiritual life, Education, Work, Recreation",
76,Communication,includes,"Interpersonal communication, Writing, Use of technology, Use of media",
76,Mobility,includes,"Moving, Walking, Getting around, Using a car, Using public transport",
76,Nutrition,includes,"Making a grocery list, Food planning, Meal preparation, Eating, Eating out, Using vending machines",
76,Physical fitness,includes,"Getting out of bed, Sleep, Sleep quality, Physical activity, Walking, Group exercise",
76,Psychological well-being,includes,"Yoga, Meditation, Listening to music, Mental stimulation",
76,Personal care,includes,"Hygene, Using sanitary facilities, Dressing, Using personal equipment, Medication, Using health care services",
76,,similar,"Personal care, Self-care",
76,,similar,"Using health care services, Health care, Health care services",
76,Housing,includes,"Accomodation, Orderliness, Home maintanence, Chores, Housework, Cleaning, Laundry, Furniture ",
76,Responsibilities,includes,"Purchasing goods, Making payments, Budgeting, Abiding by laws, Defending own rights, Providing social support, Assistance, Education, Pets",
76,Interpersonal relationships,includes,"Emotional relationships, Partnering, Intimacy, Moral support, Family bonds, Encouragement, Friendship, Neighbours, Sexual relationship",
76,Sexual relationship,includes,"Contraceptive use, STD protection",
76,Community,includes,"Association membership, Sports, Recreation, Art, Cultural groups, Advocacy, Rights groups, Politics, Social groups, Self-help groups",
76,Spiritual life,includes,"Spiritual activities, Church, Worship",
76,,similar,"Community, Spiritual life",
76,Education,includes,"School, Professional training, Team work, Home work, Extra-curricular activities",
76,Work,includes,"Trade, Profession, Job-seeking, Work, Internship, Volunteering, Domestic tasks",
76,Recreation,includes,"Physical activity, Recreation, Sport, Music, Dance, Craft, Sporting events, Cultural events, Sightseeing, Outdoor recreation, Recreational facilities",
77,Life satisfaction,includes,"Life as a whole, Vocation, Economy, Leisure, Contacts, Sexual life, Daily activities, Family life, Partner relationship, Somatic health, Psychological health",
77,,similar,"Somatic health, Physical health",
77,,similar,"Sexual life, Sex life, Sex",
77,,similar,"Vocation, Work",
77,,similar,"Daily activities, Day-to-day functioning",
77,,similar,"Contacts, Social contact, Relationships",
77,,similar,"Partner relationship, Romantic relationship, Partnering",
78,Life orientation,includes,"Positive expectation, Negative expectation*, Benefit-finding, Optimism, Hope, Hopelessness*, Pessimism*",
78,,similar,"Positive expectation, Expecting the best",
78,,similar,"Negative expectation*, Expecting the worst*",
79,Life satisfaction,includes,"Life circumstances, Making the best of life circumstances",
79,Life circumstances,includes,"Past life circumstanes, Present life circumstances",
79,Making the best of life circumstances,includes,"Making the best of past life circumstnaces, Making the best of present life circumstances",
80,Affect,includes,"Anxiety*, Positive affect, Depression*, Hostility*, Sensation-seeking",
80,Anxiety*,includes,"Fear*, Fright*, Panic*, Tenseness*",
80,Depression*,includes,"Loneliness*, Feeling forlogn*, Feeling lost*, Misery*",
80,Hostility*,includes,"Annoyance*, Criticalness*, Cruelty*, Disagreeableness*",
80,Sensation-seeking,includes,"Adverturousness, Daring, Energetic",
80,,similar,"Energetic, Energy, Vitality",
80,,similar,"Daring, Courage",
81,Coping,includes,"Monitoring, Blunting",
82,Positive emotion,includes,"Joy, Gratitude, Serenity, Interest, Hope, Pride, Amusement, Inspiration, Awe, Love",
82,Joy,includes,"Gladness, Happiness, Play",
82,Gratitude,includes,"Gratefulness, Appreciation, Thankfulness",
82,Serenity,includes,"Contentment, Peace, Peacefulness, Savouring",
82,Interest,includes,"Alertness, Curiosity, Learning, Exploration",
82,Hope,includes,"Optimism, Encouragement, Planning, Resilience, Expecting the worst*",
82,Pride,includes,"Achievement, Confidence, Self-assurance",
82,Amusement,includes,"Fun, Silliness, Joviality, Laughter",
82,Inspiration,includes,"Uplift, Elevation, Motivation, Personal growth, Excellence",
82,Awe,includes,"Wonder, Amazement, Beauty, Goodness",
82,Love,includes,"Closeness, Trust, Care, Social bonds",
82,,similar,"Closeness, Intimacy",
82,,similar,"Social bonds, Social relationships, Relationships",
83,Mental health,includes,"Emotional wellbeing, Social wellbeing, Psychological wellbeing",
83,Emotional wellbeing,includes,"Positive affect, Life satisfaction",
83,Social wellbeing,includes,"Social acceptance, Social actualization, Social contribution, Social coherence, Social integration",
83,Psychological wellbeing,includes,"Autonomy, Environmental mastery, Personal growth, Positive relations, Purpose, Self-acceptance",
84,Locus of control,includes,"Chance externality, Internality, Powerful other externality",
85,Meaning,includes,"Presence of meaning, Search for meaning*",
85,Presence of meaning,includes,"Understanding, Purpose, Clarity, Meaningfulness, Mission, Significance, Discovery, Satisfaction",
85,Search for meaning*,includes,"Lack of meaning*, Meaninglessness*, Lack of clarity*, Insignificance*",
86,Wellbeing,includes,"Mental wellbeing, Physical wellbeing, Spiritual wellbeing",
87,Quality of life,includes,"Psychological symptoms*, Outlook on life, Physical symptoms*, Meaningful existence",
87,Physical symptoms*,includes,"Pain*, Tiredness*, Weakness*, Nausea*, Constipation*, Diarrhoea*, Trouble sleeping*, Shortness of breath*, Lack of appetite*, Feeling well",
87,,similar,"Trouble sleeping*, Sleep",
87,,similar,"Lack of appetite*, Eating",
87,Psychological symptoms*,includes,"Depression*, Anxiety*, Sadness*",
87,Outlook on life,includes,"Optimism, Control, Feeling good about self, ",
87,Meaningful existence,includes,"Achievement, Life goals, Fulfilment, Worthwhileness",
88,Social support,includes,"Family, Friends, Significant others",
88,Family,includes,"Emotional help, Emotional support, Talk about problems, Help with decisions",
88,Friends,includes,"Help, People to count on, Share joy, Share sorrow, Talk about problems",
88,Significant others,includes,"Share joy, Share sorrow, Comfort, Emotional care, Companionship",
88,,similar,"Friends, Friendship",
89,Social support,includes,"Emotional support, Tangible support, Positive social interaction, Affectionate support",
89,Emotional support,includes,"Informational support, Listening, Confidant, Share concerns, Empathy, Advice, Information",
89,,similar,Positive social interaction,Positive relationships
89,Tangible support,includes,"Physical assistance, Transportation, Meal preparation, Help with chores",
89,Affectionate support,includes,"Love, Affection, Hugging",
89,Positive social interaction,includes,"Enjoy time together, Relaxation",
90,Happiness,includes,"Negative affect*, Negative experience*, Positive affect, Positive experience",
90,Negative affect*,includes,"Boredom*, Bitterness*, Feeling flustered*, Depression*, Unhappiness*, Loneliness*",
90,Positive affect,includes,"High spirits, Feeling lucky, Contentment, Elavation, Life satisfaction ",
90,Negative experience*,includes,"Negative life evaluation*, Happiness, Boredom*, Interest, Life satisfaction, Pessimism*, Negative expectation*, Loneliness*, Bother*, Worthlessness*, Difficulty*",
90,Positive experience,includes,"Happiness, Interest, Life satisfaction, Physical health",
91,Health,includes,"Physical mobility, Social isolation*, Pain*, Sleep, Emotional reaction, Energy level, Problems for life quality*",
91,,similar,"Problems for life quality*, Quality of life",
91,Energy level,includes,"Tireness*, Feels like effort*, Endurance",
91,Emotional reaction,includes,"Feeling down*, Anhedonia*, Anxiety*, Boredom*, Losing temper easily*, Lack of control*, Worry*, Worthlessness*, Depression*",
91,,similar,"Losing temper easily*, Anger*",
91,Sleep,includes,"Medication, Broken sleep*, Insomnia*, Difficulty falling asleep*, Sleep quality",
91,Social isolation*,includes,"Loneliness*, Hard to contact others*, Closeness, Feeling a burden to others*, Social skills",
91,,similar,"Feeling a burden to others*, Self-esteem",
91,,similar,"Hard to contact others*, Social intelligence, Social skills",
91,Physical mobility,includes,"Walking, Flexibility, Climbing stairs, Reaching, Dressing, Standing",
91,,similar,"Physical mobility, Physical ability",
91,,similar,"Flexibility, Bending",
91,Problems for life quality*,includes,"Work, Domestic chores, Social life, Sex life, Interests, Hobbies, Vacations",
91,,similar,"Quality of life, Problems for quality of life*",
92,Needs,includes,"Autonomy, Competence, Self-actualization, Money, Relatedness, Physical thriving, Popularity, Pleasure, Security, Self-esteem",
92,,similar,"Self-actualization, Self-actualisation",
92,Autonomy,includes,"Choice, Freedom, Self-expression, Authenticity",
92,Competence,includes,"Success, Accomplishment, Mastery, Capability",
92,Relatedness,includes,"Social contact, Care, Closeness, Connection, Intimacy",
92,,similar,"Social contact, Spending time with others",
92,Self-actualization,includes,"Meaning, Authenticity, Purpose, Self-understanding, Understanding, Sense of place, Comprehensability",
92,Physical thriving,includes,"Physical exercise, Physical condition, Nutrition, Physical well-being",
92,Pleasure,includes,"Stimulation, Sensation, Novelty, Pleasure, Physical pleasure, Enjoyment, Variety",
92,Money,includes,"Luxury, Wealth, Possessions, Financial wealth, Financial means",
92,Security,includes,"Structure, Predictability, Comfort, Routine, Habits, Safety, Threats*, Uncertainty*",
92,Self-esteem,includes,"Positive self-evaluation, Satisfaction with self, Self-respect",
92,Popularity,includes,"Social desirability, Influence, Impact",
93,Happiness,includes,"Satisfaction with self, Interest in others, Gratification, Goodwill, Sleep quality, Optimism, Amusement, Involvement, Positive life evaluation, Negative worldview*, Laughter, Life satisfaction, Attractiveness, Accomplishment, Appreciation of beauty, Cheerfulness, Achievement, Time management, Control, Self-efficacy, Alertness, Joy, Elation, Decision-making, Meaning, Purpose, Energy, Agency, Fun, Health, Positive memories",
93,,similar,"Appreciation of beauty, Beauty",
94,Optimal Living Profile,includes,"Intellectual health, EnvironMental health",
94,Emotional health,includes,"Anxiety*, Depression*, Well-being, Self-control, Optimism",
94,EnvironMental health,includes,"Home, Work, Environmental impact on individual, Impact on environment, Interaction",
94,Intellectual health,includes,"Personal growth, Education, Achievement, Creativity",
94,Physical health,includes,"Fitness, Nutrition, Harmful behavior*, Prevention, Early recognition",
94,Social health,includes,"Getting along with others, Social influence, Social interaction",
94,Spiritual health,includes,"Purpose, Love, Peace, Joy, Giving, Fulfillment, Helping others",
94,,similar,"Helping others, Pro-social behavior",
94,,similar,"Getting along with others, Positive relationships",
95,National well-being,includes,"Personal well-being, Relationships, Health, What we do, Where we live, Personal finance, Education, Economy, Governance, Environment",
95,Personal well-being,includes,"Life satisfaction, Worthwhileness, Happiness, Anxiety*, Hope, Fairness",
95,Relationships,includes,"Partner relationship, Social relationships, People to rely on, Loneliness*, Trust",
95,Health,includes,"Life expectancy, Satisfaction with health, Physical health conditions*, Depression*, Satisfaction with healthcare",
95,Physical health conditions*,includes,"Cancer*, Cardiovascular conditions*, Dementia*, Diabetes*, Kidney disease*, Liver disease*, Musculoskeletal conditions*, Respiratory conditions*",
95,,similar,"Depression*, Anxiety*",
95,What we do,includes,"Satisfaction with time use, Job satisfaction, Unpaid work, Volunteering, Arts, Sport, Nature",
95,Arts,includes,"Culture, Creative activities, Artistic activities, Cultural events, Artistic events",
95,Nature,includes,Nature contact,
95,Where we live,includes,"Satisfaction with accomodation, Satisfaction with local area, Belonging, Local connectivity, Internet, Crime*, Safety",
95,Belonging,includes,Neighbourhood,
95,Personal finance,includes,"Income, Wealth, Income inequality*, Gender pay gap*, Financial difficulty*",
95,Education,includes,"Skills, Qualifications, Human capital, Satisfaction with education, Satisfaction with education system",
95,,similar,"Satisfaction with education system, Education system",
95,Economy,includes,"Unemployment*, Inflation rate, Public sector debt*, Consumer confidence",
95,Governance,includes,"Voter participation, Trust in government, Political voice, Satisfaction with police, Satisfaction with legal system",
95,Environment,includes,"Emissions*, Renewable energy use, Recycling, Protected areas, Species diversity, Air pollution*, Surface water quality, Sustainable lifestyle",
96,Personal well-being,includes,"Life satisfaction, Worthwhileness, Happiness, Anxiety*",
97,Happiness,includes,"Meaning, Pleasure, Engagement",
97,Meaning,includes,"Purpose, Contribution, Responsibility, Mattering, Sense of place, Choice",
97,Pleasure,includes,"Pleasure-seeking, Euphoria, Choice, Short-term view, Excitement, Stimulation",
97,Engagement,includes,"Distorted sense of time, Challenge, Skill-challenge balance, Loss of self-awareness, Absorbtion, Choice, Losing sense of self, Distraction*",
98,Ontological well-being,includes,"Nothingness*, Hope, Regret*, Activation",
98,Nothingness*,includes,"Aimlessness*, Feeling lost*, Irresponsibility*, Emptiness*, Helplessness*, Anxiety*",
98,,similar,"Irresponsibility*, Responsibility",
98,,similar,"Aimlessness*, Purpose",
98,Hope,includes,"Courage, Strength, Forward-looking, Hopefulness, Confidence, Ambition",
98,Regret*,includes,"Satisfaction, Guilt*, Pride, Feeling upset*, Incompetence*, Disappointment*",
98,Activation,includes,"Energetic, Excitement, Enthusiasm, Tiredness*, Motivation",
98,,similar,"Energy, Energetic",
99,Affect,includes,"Positive affect, Negative affect*",
99,Positive affect,includes,"Interest, Excitement, Strength, Enthusiasm, Pride, Alertness, Inspiration, Determinedness, Attentiveness, Active",
99,Negative affect*,includes,"Distress*, Feeling upset*, Guilt*, Feeling scared*, Hostility*, Irritability*, Shame*, Nervousness*, Feeling jittery*, Feeling afraid*",
99,,similar,"Feeling afraid*, Fear*",
100,Flourishing,includes,"Positive emotion, Engagement, Relationships, Meaning, Accomplishment, Negative emotion*, Physical health, Loneliness*, Happiness",
100,Positive emotion,includes,"Joy, Feeling positive, Contentment",
100,Engagement,includes,"Absorbtion, Excitement, Interest, Distorted sense of time",
100,Relationships,includes,"Help, Support, Love, Relationship satisfaction",
100,Meaning,includes,"Purpose, Valuable activity, Worthwhileness, Direction",
100,Accomplishment,includes,"Progress, Goals, Achievement",
100,,similar,"Positive emotion, Positive emotions",
100,,similar,"Negative emotion*, Negative emotions*",
100,Negative emotion*,includes,"Sadness*, Anger*, Anxiety*",
100,Physical health,includes,"Satisfaction with health, Social comparison",
100,,similar,"Health, Physical health",
101,Functioning,includes,"Positive functioning, Negative functioning*",
101,Positive functioning,includes,"Pleasedness, Enjoyment, Happiness, Contentment, Calmness, Relaxation",
101,Negative functioning*,includes,"Dissatisfaction*, Cheerlessness*, Meaninglessness*, Feeling upset*, Feeling tense*, Worry*",
102,Resilience,includes,"Social resources, Personal resources",
102,Social resources,includes,"Social resources (family), Social resources (peers)",
102,Social resources (family),includes,"Strength, Acceptance, Help, Comfort, Safety",
102,Social resources (peers),includes,"Belonging, Fair treatment, Being looked after, Support, Reliance",
102,,similar,"Being looked after, Care",
102,Personal resources,includes,"Problem-solving, Achivement, Self-belief, Perseverance, Optimism",
102,Perseverance,includes,"Plans, Goals, Follow-through",
103,Coping style,includes,"Reflective style, Suppresive style, Reactive style",
103,,similar,"Coping style, Coping",
103,Reflective style,includes,"Problem analysis, Anticipation, Preparation, Consideration of consequences, Alternative plans, Problem identification, Emotional awareness",
103,Suppresive style,includes,"Avoidance*, Frustration*, Concentration, Perseverance",
103,Reactive style,includes,"Pre-occupation*, Feeling uneasy*, Problem-solving, Emotional difficulty*",
104,Personal growth initiative,includes,"Readiness for change, Planfulness, Using resources, Intentional behavior",
104,,similar,"Personal growth, Personal growth initiative",
104,Readiness for change,includes,"Awareness of need to change, Change planning",
104,Planfulness,includes,"Goals, Plans, Personal growth, Personal change, Intentional change, Steps",
104,Goals,includes,Realistic goals,
104,Plans,includes,Realistic plans,
104,Using resources,includes,"Asking for help, Seeking help",
104,Help,includes,"Asking for heltp, Seeking help",
104,Intentional behavior,includes,"Opportunity, Self-improvement, Growth",
104,Opportunity,includes,Looking for opportunities,
105,Health-related quality of life,includes,"Anxiety*, Depression*, Positive wellbeing, Self-control, General health, Vitality",
105,Positive wellbeing,includes,"Good spirits, Happiness, Satisfaction, Pleasedness, Interest, Cheerfulness, Lightheartedness",
105,General health,includes,"Illness*, Bodily disorder*, Aches*, Pain*, Daily activities, Health concerns*, Worry*",
105,Depression*,includes,"Feeling downhearted*, Feeling blue*, Sadness*, Discouragement*, Hopelessness*, Worthwhileness",
105,Self-control,includes,"Control, Emotional regulation, Self-regulation, Cognitive acquity, Stability, Sure of self",
105,Anxiety*,includes,"Nervousness*, Feeling tense*, Worry*, Feeling upset*, Relaxedness, Highly strung*, Tightness*, Strain*, Stress*, Pressure*",
105,Vitality,includes,"Energy, Pep, Rest, Sleep quality, Feeling active, Vigor, Dullness*, Sluggishness*, Tiredness*, Exhaustion*",
105,,similar,"Positive wellbeing, Positive mental health",
106,Happiness,includes,"Hedonic wellbeing, General wellbeing, Negative experiences*, Positive experiences, Social wellbieng, Eudiamonic wellbeing",
106,,similar,"Eudiamonic wellbieng, Eudemonic wellbeing, Eudiamonia",
106,General wellbeing,includes,"Life satisfaction, Energy",
106,Eudiamonic wellbeing,includes,"Usefulness, Worthwhileness, Satisfaction with self, Learning, Challenge, Growth, Connection, Problem-solving, Authenticity",
106,Hedonic wellbeing,includes,"Enjoyment, Unpleasant moments*",
106,Social wellbeing,includes,Self-actualization,
106,Positive experiences,includes,"Pride, Fun, Enjoyment, Interest, Learning, Gratification",
106,Negative experiences*,includes,"Overwhelm*, Boredom*, Worry*, Anger*, Disrespect*",
107,Wellbeing,includes,"Mental health, Social health, Physical health",
107,Mental health,includes,"Life satisfaction, Meaning, Autonomy, Competence, Relatedness, Positive affect, Negative affect*",
107,Life satisfaction,includes,"Comparison with ideal life, Life conditions, Achievement, Regret*",
107,Meaning,includes,"Purpose, Meaningful activities, Satisfying purpose",
107,Autonomy,includes,"Freedom, Decision-making, Self-expression, Authenticity",
107,Competence,includes,"Positive feedback, Accomplishment, Capability",
107,Relatedness,includes,"Getting along well, Social contact, Friendship, Regular interaction, Care",
107,Positive affect,includes,"Cheerfulness, Good spirits, Happiness, Calmness, Peacefulness, Satisfaction, Full of life",
107,,similar,"Full of life, Vitality",
107,,similar,"Peace, Peacefulness",
107,Negative affect*,includes,"Sadness*, Cheerfulness, Sense of effort*, Worthlessness*",
107,Social health,includes,"Family life, Friends, Social life, Helping others",
107,,similar,"Helping others, Help",
107,,similar,"Friends, Friendship",
107,Physical health,includes,"Health status, Feeling healthy, Energetic, Daily functioning, Satisfaction with energy",
108,Purpose,includes,"Enthusiasm, Excitement, Meaning, Novelty, Love of life, Motivation, Achievement, Full life, Worthwhileness, Reasons to exist, Comprehensability, Responsibility, Freedom, Fear of death*, Suicide*, Skill at finding purpose, Mission, Internal locus of control, Pleasure, Satisfaction",
108,,similar,"Boredom*, Enthusiasm",
108,,similar,"Meaning, Meaninglessness*",
108,,similar,"Achievement, Progress",
108,,similar,"Full life, Emptiness*",
108,,similar,"Worthwhileness, Worthlessness*",
108,,similar,"Responsibility, Irresponsibility*",
108,,similar,"Freedom, Limitations*",
108,,similar,"Fear of death*, Acceptance of death",
108,,similar,"Internal locus of control, External locus of control*",
109,Positive mental health,includes,"General coping, Emotional support, Spirituality, Interpersonal skills, Personal growth, Global affect",
109,General coping,includes,"Acceptance, Self-reassurance, Relaxation, Not taking problems too seriously, Redirection, Positive reframing, Humour, Problem-solving",
109,Emotion support,includes,"Friendship, Emotional support, Friends, Family, Receiving support, Support, Family, Closeness, Advice, Assistance, Relying on others",
109,Spirituality,includes,"Comfort, Spiritual beliefs, Devine plan, Meditation, Prayer, Devine support, Devine presence, Trust in God, Religious beliefs, Spiritual practices",
109,Interpersonal skills,includes,"Getting along with others, Making friends, Service, Acceptance, Compromise, Patience, Sacrifice, Long-term friendship, Social contact",
109,Personal growth,includes,"Autonomy, Self-confidence, Self-expression, Internal locus of control, Freedom, Choice, Control, Hard work, Achievement, Goals, Goal clarity, Problem-solving, Focus, Pathways",
109,Global affect,includes,"Calmness, Happiness, Peacefulness, Relaxation, Enthusiasm",
